,RMSE,MAE,R2,Explained Variance,MAPE,Overall Score
Linear Regression,8.860420053354817,7.243893399817163,0.7512803100058407,0.7512886378879432,0.11118836784046222,0.300543049996443
Ridge,8.860894352589698,7.244238047969259,0.7512536813098281,0.7512619954509007,0.11119935571208067,0.3005014725239312
Random Forest,7.478977806817224,6.1426833379604595,0.8227908942328018,0.8228943629208587,0.09121164437476045,0.42191095549592544
XGBoost,7.509503256551411,6.14061164855957,0.8213413953781128,0.8214677572250366,0.09119649976491928,0.42001036641880757
Gradient Boosting,7.448780086793032,6.101374330087522,0.8242190325850454,0.824332184765088,0.09045984501078004,0.42498586667533444
SVR,8.452315422837717,6.957755684222046,0.7736643648360476,0.774080156125189,0.10597756659883857,0.3358191331247867
Voting Regressor,7.454855221453002,6.107867672431945,0.8239321860100186,0.8240463278082704,0.09059342684973155,0.4244176141233058
Stacking Regressor,7.445250290353176,6.100455057318878,0.8243855897964684,0.8244891512594059,0.090457855677236,0.4252372116503035
