,Accuracy,Precision,Recall,F1-Score,ROC-AUC,Overall Score
Random Forest,1.0,1.0,1.0,1.0,1.0,1.0
Voting Classifier,1.0,1.0,1.0,1.0,1.0,1.0
Gradient Boosting,1.0,1.0,1.0,1.0,1.0,1.0
Stacking Classifier,1.0,1.0,1.0,1.0,1.0,1.0
XGBoost,0.9997989949748743,0.9995138551288284,1.0,0.99975686846584,0.99999983337399,0.9998518989382349
SVM,0.9618090452261306,0.975050916496945,0.931420233463035,0.9527363184079602,0.9951670958952682,0.969904153176453
Logistic Regression,0.8496482412060301,0.8187134502923976,0.8171206225680934,0.8179162609542356,0.9234615087252044,0.8636753369618234
